"adm_02_ar","adm_03_ar","lat","lon"
"البقاع الغربي","الخياره",33.6919954,35.8396115
"البقاع الغربي","الدكوه",33.6924416,35.8774428
"البقاع الغربي","الروضة",33.7484215,35.8790855
"البقاع الغربي","السلطان يعقوب التحتا",33.6426443,35.8420224
"البقاع الغربي","السلطان يعقوب الفوقا",33.6457078,35.8629381
"البقاع الغربي","الشبرقية",NA,NA
"البقاع الغربي","الصويري",NA,NA
"البقاع الغربي","القرعون",33.5668938,35.7192567
"البقاع الغربي","المرج",33.7616036,35.8835437
"البقاع الغربي","المنارة",33.6466471,35.8779542
"البقاع الغربي","المنصوره",NA,NA
"البقاع الغربي","باب مارع",NA,NA
"البقاع الغربي","بعلول",33.590695,35.7492549
"البقاع الغربي","تل ذنوب",NA,NA
"البقاع الغربي","جب جنين",33.6328198,35.7819158
"البقاع الغربي","حوش الحريمه",33.7201097,35.8531323
"البقاع الغربي","خربة قنافار",33.6375916,35.7254647
"البقاع الغربي","زلايا",33.4594368,35.6716034
"البقاع الغربي","سحمر",33.5197252,35.6862309
"البقاع الغربي","صغبين",33.6117017,35.6983148
"البقاع الغربي","عانا",33.6925357,35.7612273
"البقاع الغربي","عميق",33.7127243,35.7716399
"البقاع الغربي","عيتنيت",33.5613271,35.6702893
"البقاع الغربي","عين التينه",33.5021742,35.6425503
"البقاع الغربي","عين زبده",33.6223718,35.7030023
"البقاع الغربي","غزه",33.6679132,35.8280929
"البقاع الغربي","قليا",33.4374313,35.6580007
"البقاع الغربي","كامد اللوز",33.6199656,35.8226749
"البقاع الغربي","كفريا",NA,NA
"البقاع الغربي","لالا",33.598873,35.7624401
"البقاع الغربي","لبايا",33.4812688,35.7265409
"البقاع الغربي","لوسيا",33.4411424,35.6493756
"البقاع الغربي","مشغره التحتا",33.5291677,35.6538105
"البقاع الغربي","مشغره الفوقا",NA,NA
"البقاع الغربي","ميدون",33.4693895,35.6407912
"البقاع الغربي","يحمر",33.4861543,35.67038489999999
"راشيا","البيره",33.5835543,35.8191465
"راشيا","الحوش",33.4760975,35.7550954
"راشيا","الرفيد",33.5721587,35.8172813
"راشيا","العقبة",33.5050195,35.82205
"راشيا","بكا",33.5937787,35.9248684
"راشيا","بكيفا",33.4932276,35.8195696
"راشيا","بيت لهيا",33.4834713,35.8022205
"راشيا","تنوره",33.4742219,35.8030738
"راشيا","حلوه",33.6104939,35.9992718
"راشيا","خربة روحا",33.5717934,35.8531431
"راشيا","دير العشائر",33.5764596,36.0100778
"راشيا","راشيا حي الفوقا",NA,NA
"راشيا","راشيا حي الكواسبه",NA,NA
"راشيا","راشيا حي الميدان",NA,NA
"راشيا","سلساتا",NA,NA
"راشيا","ضهر الاحمر",33.5278527,35.8388559
"راشيا","عيتا الفخار",33.6399798,35.9050801
"راشيا","عيحا",33.4990199,35.8749241
"راشيا","عين حرشا",33.4566297,35.7841987
"راشيا","عين عرب",33.5763144,35.87428999999999
"راشيا","عين عطا",33.4366152,35.7794641
"راشيا","كفردنيس",33.5494953,35.853199
"راشيا","كفرقوق",33.5323686,35.8929818
"راشيا","كفرمشكي",NA,NA
"راشيا","كوكبا",33.5292896,35.7794359
"راشيا","مجدل بلهيص",33.5386487,35.74647
"راشيا","محيدثه",33.5564654,35.8117649
"راشيا","مدوخا",33.6061265,35.8772622
"راشيا","ينطا",33.603494,35.9445726
"زحلة","ابلح",NA,NA
"زحلة","الفرزل التحتا",NA,NA
"زحلة","الفرزل الفوقا",NA,NA
"زحلة","الكرمة",NA,NA
"زحلة","الوقف",NA,NA
"زحلة","بتياس",NA,NA
"زحلة","بر الياس",33.7728148,35.8979003
"زحلة","بوارج",NA,NA
"زحلة","تربل",33.8177577,35.98372740000001
"زحلة","تعلبايا",33.8462557,35.90195190000001
"زحلة","تعنايل",33.8007209,35.8692377
"زحلة","تل الاخضر",33.7342907,35.8264435
"زحلة","تويته",33.8598972,35.8550059
"زحلة","جديتا",33.8174838,35.8406565
"زحلة","جلالا",33.8462557,35.90195190000001
"زحلة","حاجي حببلي",NA,NA
"زحلة","حزرتا",33.8462557,35.90195190000001
"زحلة","حوش الغنم",33.875546,36.0224616
"زحلة","حوش حالا",33.8477702,35.9951058
"زحلة","حي السلم",NA,NA
"زحلة","حي الفيكاني",33.8487696,36.028713
"زحلة","خضر بك",NA,NA
"زحلة","دلهميه",NA,NA
"زحلة","دير الغزال",33.8243759,36.0346324
"زحلة","رعيت",33.8308853,36.045977
"زحلة","رياق",33.849091,36.0121663
"زحلة","زحلة البرباره",33.8495019,35.8994301
"زحلة","زحلة الراسيه التحتا",NA,NA
"زحلة","زحلة الراسيه الفوقا",NA,NA
"زحلة","زحلة المعلقه الشمالي",NA,NA
"زحلة","زحلة المعلقه",33.8439356,35.9170737
"زحلة","زحلة الميدان الشرقي",NA,NA
"زحلة","زحلة الميدان الغربي",33.8485603,35.897999
"زحلة","زحلة حوش الامراء",33.8462557,35.90195190000001
"زحلة","زحلة حوش الزراعنه",NA,NA
"زحلة","زحلة حي السيدة",33.8349769,35.9172371
"زحلة","زحلة سيدة النجاة",33.8472275,35.896928
"زحلة","زحلة كرك نوح",33.8462557,35.90195190000001
"زحلة","زحلة مار الياس",NA,NA
"زحلة","زحلة مار انطونيوس",33.8472345,35.8981982
"زحلة","زحلة مار مخايل",33.8462557,35.90195190000001
"زحلة","زحلة وادي العرايش",NA,NA
"زحلة","سعدنايل",33.8462557,35.90195190000001
"زحلة","شتوره",NA,NA
"زحلة","شهابية الفاعور",33.7889767,35.9711164
"زحلة","علي النهري",33.8582637,36.02880750000001
"زحلة","عين كفرزبد",33.7956852,36.0062038
"زحلة","قاع الريم",33.8841187,35.875228
"زحلة","قب الياس التحتا",NA,NA
"زحلة","قب الياس الفوقا",NA,NA
"زحلة","قوسايا",33.8128453,36.0251138
"زحلة","كابوسية",NA,NA
"زحلة","كفرزبد",NA,NA
"زحلة","ماسا",33.850595,36.0675343
"زحلة","مجدل عنجر",33.712321,35.9182159
"زحلة","مريجات",NA,NA
"زحلة","مكسه",33.8462557,35.90195190000001
"زحلة","ناصريه",33.8625876,36.0605583
"زحلة","نبي ايلا",33.8904335,35.9506096
"زحلة","نيحا",33.8852198,35.9789615
"زحلة","وادي الدلم",33.8043686,35.7788971
"زحلة","يوغون اولوك",NA,NA
"جزين","الجرمق",33.3854614,35.5349278
"جزين","الحرف",33.5765023,35.5578758
"جزين","الحسانيه",33.5200144,35.4511705
"جزين","الحمصية",33.54897090000001,35.5566661
"جزين","الريحان",33.44438650000001,35.5676156
"جزين","السريره",33.4355175,35.622854
"جزين","العيشية",33.4083323,35.5564344
"جزين","الغباطيه",NA,NA
"جزين","القطراني",33.4399501,35.6044038
"جزين","اللويزه",33.4605161,35.5356288
"جزين","المحاربيه",33.5261505,35.4482483
"جزين","المكنونيه",33.5290393,35.548672
"جزين","الميدان",33.5803079,35.5636807
"جزين","انان",33.5680875,35.5083178
"جزين","بتدين اللقش",33.5691244,35.5565058
"جزين","بحنين - كفرتعلا",33.573281,35.5873628
"جزين","بسري",33.5788778,35.5385603
"جزين","بصليا",33.501103,35.5118925
"جزين","بكاسين",33.5681475,35.5796757
"جزين","بنواتي",33.5762606,35.574845
"جزين","بيصور",33.5354448,35.4482083
"جزين","تعيد",33.57423,35.5456869
"جزين","جرنايا",33.4880944,35.4729444
"جزين","جزين",33.540837,35.5862413
"جزين","جنسنايا",33.5364735,35.4324811
"جزين","حيتوله - وادي الليمون",NA,NA
"جزين","حيطوره",33.5193644,35.5536693
"جزين","روم",33.5489795,35.527044
"جزين","ريمات وشقاديف",NA,NA
"جزين","زحلته",33.5119176,35.5481908
"جزين","سجد",33.4340695,35.5337519
"جزين","سنيه",33.5179014,35.5283917
"جزين","شواليق",33.5539375,35.4391432
"جزين","صباح",33.5683919,35.5652468
"جزين","صفارية",33.5547919,35.4940635
"جزين","صيدون",33.5210603,35.5121275
"جزين","عاراي",NA,NA
"جزين","عازور",33.5599204,35.5348888
"جزين","عرمتي",33.4638605,35.5765072
"جزين","عين المير",33.53626,35.4621585
"جزين","عين مجدلين",33.521483,35.6026294
"جزين","قتالة",33.5744725,35.5130279
"جزين","قطين وحيداب",NA,NA
"جزين","قيتولي",33.5378738,35.5518141
"جزين","كرخا",33.5632853,35.4461836
"جزين","كفر جره",33.54615450000001,35.43177840000001
"جزين","كفرحونه",33.4923967,35.5897894
"جزين","كفرفالوس",33.5434037,35.4759032
"جزين","لبعه",33.5487446,35.4530479
"جزين","مجيدل",33.5170936,35.4409798
"جزين","مراح الحباس",33.5488571,35.4628897
"جزين","مزرعة المطحنة",NA,NA
"جزين","مشموشه",33.5789532,35.5696941
"جزين","مليخ",33.4689592,35.5561393
"جزين","وادي بعنقودين",33.5462992,35.4409309
"جزين","وادي جزين",33.5507684,35.580201
"صور","ارزون",33.2828844,35.3769757
"صور","البازوريه",33.2540738,35.271543
"صور","البرغليه",33.3142997,35.2402445
"صور","البساتين",NA,NA
"صور","البستان",33.1009192,35.2550313
"صور","البص  قسم 1",NA,NA
"صور","البص  قسم 3",NA,NA
"صور","البص قسم 5",NA,NA
"صور","البياض",33.2041464,35.3281588
"صور","الجبين",33.1228816,35.2351549
"صور","الحلوسية",33.3078751,35.3262046
"صور","الحميري",NA,NA
"صور","الحنية",33.1866114,35.2227648
"صور","الرشيديه",NA,NA
"صور","الرماديه",33.1986582,35.2760089
"صور","الزلوطية",33.1094269,35.2469503
"صور","السماعية",33.2218122,35.2361599
"صور","الشعيتية",33.1965889,35.265484
"صور","الشهابية",33.2426436,35.38351919999999
"صور","الظهيرة",NA,NA
"صور","الكنيسه",NA,NA
"صور","المالكية",NA,NA
"صور","المنصوري",33.1784509,35.2063653
"صور","الناقورة",33.1182897,35.1398655
"صور","باتولية",33.2254264,35.25531
"صور","باريش",33.2728995,35.3527517
"صور","بافليه",33.260832,35.3669154
"صور","بثتيات",NA,NA
"صور","بدياس",33.3119755,35.3001075
"صور","برج الشمالي",33.2704888,35.2037641
"صور","برج رحال",33.3096332,35.2824709
"صور","جبال البطم",33.1765349,35.2914475
"صور","جناته",NA,NA
"صور","جويا",33.2381201,35.3387261
"صور","حناويه",NA,NA
"صور","دبعال",33.2507558,35.348837
"صور","دردغيا",33.2807039,35.3708447
"صور","دير عامص",33.2007253,35.3361038
"صور","دير قانون النهر",33.2997618,35.3132996
"صور","دير قانون راس العين",33.2227978,35.2458863
"صور","دير كيفا",33.2584354,35.399445299999996
"صور","رشكنانيه",33.1896147,35.3228294
"صور","زبقين",33.1652567,35.2677408
"صور","سلعا",34.244038,35.7208308
"صور","شبريحا",NA,NA
"صور","شحور",33.2997805,35.370483
"صور","شمع",NA,NA
"صور","شيحين",33.1262426,35.2561487
"صور","صديقين",33.1898329,35.3101319
"صور","صريفا",33.2816736,35.3971423
"صور","صور حي الارثوذكس",NA,NA
"صور","صور حي الجامع",NA,NA
"صور","صور حي الجورة",NA,NA
"صور","صور حي الحسينية",NA,NA
"صور","صور حي الكاثوليك",33.8818259,35.5113752
"صور","صور حي المصاروي",NA,NA
"صور","صور حي المنارة",33.8929182,35.4713454
"صور","صور حي الموارنة",NA,NA
"صور","صور",33.2704888,35.2037641
"صور","طورا",33.2935928,35.2976279
"صور","طير حرفا",33.1269929,35.2190723
"صور","طير دبا",33.2740896,35.2785041
"صور","طير فلسيه",33.30897540000001,35.3478843
"صور","عباسية",33.29853629999999,35.2830678
"صور","علما الشعب",33.10409780000001,35.1808006
"صور","عيتيت",33.2275416,35.3064684
"صور","عين ابو عبدالله",33.3160635,35.2601412
"صور","عين الزرقا",33.1216667,35.1991667
"صور","عين بعال",33.2335025,35.2701389
"صور","قانا",33.2083135,35.3002132
"صور","قليله",33.1979773,35.2291122
"صور","مجادل",33.2294748,35.3601227
"صور","مجدلزون",33.1512216,35.227049
"صور","محرونه",33.2187615,35.3426306
"صور","مروحين",33.1082926,35.2753974
"صور","مزرعة مشرف",33.2088841,35.3348706
"صور","معركه",33.272672,35.3089882
"صور","معروب",33.2857174,35.3474204
"صور","نفاخيه",33.2709592,35.385122
"صور","وادي جيلو",33.2445356,35.308901
"صور","يارين",33.1064297,35.232204
"صور","يانوح",33.2602088,35.3038122
"صيدا القرى","ارزي",NA,NA
"صيدا القرى","اركي",33.4623459,35.415094
"صيدا القرى","البابلية",33.4217267,35.3431251
"صيدا القرى","البرامية",33.575125,35.3918864
"صيدا القرى","البيسارية",33.5613811,35.375
"صيدا القرى","الحارة",33.5575701,35.3849148
"صيدا القرى","الحجة",33.4773329,35.38100319999999
"صيدا القرى","الخرايب",33.3433557,35.2994544
"صيدا القرى","الزرارية",33.3421025,35.33265220000001
"صيدا القرى","السكسكية",33.4364972,35.28364940000001
"صيدا القرى","الصالحية",33.5600013,35.42338549999999
"صيدا القرى","الصرفند",33.4514857,35.29069030000001
"صيدا القرى","الغازية",33.5186303,35.3663174
"صيدا القرى","القرية",33.5385788,35.4172036
"صيدا القرى","القنيطرة",NA,NA
"صيدا القرى","اللوبيه",33.4283186,35.28854640000001
"صيدا القرى","المروانية",33.4549085,35.393016
"صيدا القرى","المعمرية",33.4921041,35.3711017
"صيدا القرى","المية ومية",33.5429877,35.3975321
"صيدا القرى","النجارية",33.4830029,35.3383954
"صيدا القرى","الهلالية",33.5683085,35.392333
"صيدا القرى","انصاريه",33.4127623,35.2791973
"صيدا القرى","برتي",33.5208835,35.4842994
"صيدا القرى","بقسطه",33.5791192,35.406249
"صيدا القرى","بنعفول",NA,NA
"صيدا القرى","تفاحتا",33.4321276,35.3712046
"صيدا القرى","جنجلايا",33.4858133,35.3987345
"صيدا القرى","خرطوم",NA,NA
"صيدا القرى","خزيز",33.4668279,35.4067396
"صيدا القرى","درب السيم",33.5305183,35.3808431
"صيدا القرى","زغدرايا",33.5254661,35.402075
"صيدا القرى","زيتا",NA,NA
"صيدا القرى","طنبوريت",33.5176943,35.4131337
"صيدا القرى","عبرا",33.5664879,35.4059997
"صيدا القرى","عدلون",33.4038299,35.2734051
"صيدا القرى","عدوسية",33.4727822,35.3427873
"صيدا القرى","عرب الجل",33.4827495,35.4557762
"صيدا القرى","عقتنيت",33.4910896,35.3799426
"صيدا القرى","عنقون",33.4989835,35.428613
"صيدا القرى","عين الدلب",33.541106,35.4058249
"صيدا القرى","غسانية",33.4178944,35.3583988
"صيدا القرى","قعقعية الصنوبر",33.4309365,35.3448167
"صيدا القرى","قناريت",33.5108828,35.3648399
"صيدا القرى","كفربيت",33.4957231,35.4612573
"صيدا القرى","كفرحتى",NA,NA
"صيدا القرى","كفرشلال",33.4919026,35.4687769
"صيدا القرى","كفرملكي",33.5015068,35.4800457
"صيدا القرى","كوثرية السياد",33.4148284,35.3844064
"صيدا القرى","مجدليون",33.561156,35.4109699
"صيدا القرى","مزرعة طبايا",33.4868255,35.4421851
"صيدا القرى","مغدوشه",33.52304120000001,35.3839979
"البترون","آسيا",NA,NA
"البترون","اجدبرا",34.2435497,35.6955515
"البترون","اده",34.234372,35.6922172
"البترون","البترون",34.249832,35.6642904
"البترون","العلالي",34.205042,35.7728801
"البترون","الفتاحات وحربونا",NA,NA
"البترون","الهري",34.3066374,35.7129888
"البترون","بجدرفل",NA,NA
"البترون","بشتودار",34.2242324,35.8190369
"البترون","بشعله",34.2028478,35.8249318
"البترون","بقسميا",34.2515373,35.7653778
"البترون","بيت شلالا",NA,NA
"البترون","تحوم",34.2122006,35.6571444
"البترون","تنورين التحتا",34.2096334,35.8778672
"البترون","تنورين الفوقا",34.1819171,35.903508
"البترون","تولا",34.2006026,35.73047469999999
"البترون","جبلا",34.2472659,35.7802614
"البترون","جران",34.2235462,35.7127035
"البترون","جربتا",34.1405304,35.7207938
"البترون","حامات",34.2859414,35.6937451
"البترون","حدتون",34.1941234,35.7980777
"البترون","حردين",34.2357564,35.8580097
"البترون","حلتا",34.238088,35.7800463
"البترون","داعل",34.249832,35.6642904
"البترون","دريا",34.2189422,35.7255442
"البترون","دوق",34.1950965,35.7469061
"البترون","دوما",34.2032596,35.8422589
"البترون","دير بلا",NA,NA
"البترون","راس نحاش",34.2821428,35.7176733
"البترون","راشا",34.1995306,35.7846861
"البترون","راشانا",34.2137228,35.6736884
"البترون","راشكده",NA,NA
"البترون","راشكيده",NA,NA
"البترون","رام",34.249832,35.6642904
"البترون","زان",34.2247068,35.7563182
"البترون","سلعاتا",34.2795888,35.6640062
"البترون","سمار جبيل",34.2198184,35.692016
"البترون","شاتين",NA,NA
"البترون","شبطين",34.2117989,35.7513516
"البترون","شكا",34.3239545,35.7294505
"البترون","صغار",34.2011238,35.6953107
"البترون","صورات",34.2374649,35.7585474
"البترون","ضهر ابو ياغي",34.1898554,35.7267096
"البترون","عبدللي",34.2071038,35.7219759
"البترون","عبرين",34.2534759,35.7047233
"البترون","عرتز",NA,NA
"البترون","عورا",NA,NA
"البترون","غوما",34.2148804,35.6906776
"البترون","قندولا",NA,NA
"البترون","كفر حتنا",34.2308,35.7469908
"البترون","كفر حلده",34.2276204,35.8401152
"البترون","كفر شليمان",34.2327735,35.7744786
"البترون","كفر عبيدا",34.2268175,35.66009520000001
"البترون","كفرحي",34.2490341,35.7431497
"البترون","كفور العربي",34.2246575,35.8659118
"البترون","كفيفان",34.2302839,35.7191775
"البترون","كوبا",34.2728548,35.6621442
"البترون","كور",NA,NA
"البترون","مار ماما",34.1875415,35.7571342
"البترون","محمرش",34.19816,35.7700688
"البترون","مراح الحاج",34.210486,35.7775917
"البترون","مراح الزيات",34.2176108,35.7031396
"البترون","مراح شديد ودير شواح",NA,NA
"البترون","مسرح والبقيعة",NA,NA
"البترون","نحلا",NA,NA
"البترون","وجه الحجر",34.2819065,35.6725098
"البترون","وطى حوب",34.1913852,35.8976231
"الكوره","اجد عبرين",NA,NA
"الكوره","البحصاص",NA,NA
"الكوره","المجدل",34.2523884,35.7937292
"الكوره","النخله",34.365013,35.826657
"الكوره","اميون شرقي",34.2992354,35.8031321
"الكوره","اميون غربي",34.2992354,35.8031321
"الكوره","انفه",34.355177,35.732009
"الكوره","بترومين",34.3657164,35.8094944
"الكوره","بتعبوره",34.2746203,35.763484
"الكوره","بتوراتيج",34.3634262,35.8350131
"الكوره","بحبوش",34.2764685,35.8298231
"الكوره","بدبا",34.3482456,35.8195906
"الكوره","بدبهون",NA,NA
"الكوره","بدنايل",NA,NA
"الكوره","برسا",34.3876498,35.832167
"الكوره","برغون",34.344917,35.748731
"الكوره","بزيزا",34.2727144,35.8210686
"الكوره","بشمزين",34.320184,35.7971367
"الكوره","بصرما",34.3310789,35.8395803
"الكوره","بطرام",34.3312551,35.8099579
"الكوره","بكفتين",34.3846703,35.8622531
"الكوره","بنهران",34.273553,35.8517338
"الكوره","حارة الخاصة",NA,NA
"الكوره","دار بعشتار",34.268923,35.79290530000001
"الكوره","دار شمزين",34.2842019,35.783241
"الكوره","دده",34.3810058,35.8009739
"الكوره","راس مسقا الجنوبية",34.3961153,35.831762
"الكوره","راس مسقا الشمالية",34.4000441,35.8234163
"الكوره","رشدبين",34.2937871,35.8657761
"الكوره","زغرتا المتاولة",34.2507061,35.8407522
"الكوره","زكرون",34.3521919,35.7545924
"الكوره","ضهر العين",34.3917891,35.8479571
"الكوره","ضهور الهوا",33.7080556,35.6638889
"الكوره","عابا",34.3460291,35.8279213
"الكوره","عفصديق",34.3320936,35.7881162
"الكوره","عين عكرين",34.2856477,35.8466043
"الكوره","فيع",34.3482274,35.7873846
"الكوره","قلحات",34.3594388,35.7813609
"الكوره","كفتون",34.2659791,35.7673421
"الكوره","كفر حزير",34.3081319,35.7739917
"الكوره","كفر صارون",34.2971407,35.8315952
"الكوره","كفر قاهل",34.3566942,35.8517499
"الكوره","كفرحاتا",34.284526,35.7464169
"الكوره","كفرعقا",NA,NA
"الكوره","كوسبا",34.2997049,35.8499182
"الكوره","متريت",34.259904,35.8418767
"المنية-الضنية","البداوي",34.4529055,35.8647644
"المنية-الضنية","الحازمية",34.392399,36.0443063
"المنية-الضنية","الخرنوب",34.4027039,36.0161528
"المنية-الضنية","الريحانية",34.4912645,35.9787145
"المنية-الضنية","السفيرة",34.4001763,36.0482278
"المنية-الضنية","القطين",34.3913162,36.0287873
"المنية-الضنية","القمامين",NA,NA
"المنية-الضنية","المطل",NA,NA
"المنية-الضنية","المنية",NA,NA
"المنية-الضنية","النبي يوشع",34.4622521,35.9416702
"المنية-الضنية","ايزال",34.3805637,35.9833994
"المنية-الضنية","بحنين",34.4983032,35.9595006
"المنية-الضنية","بحويتا",NA,NA
"المنية-الضنية","بخعون",34.4089966,36.0145689
"المنية-الضنية","برج اليهودية",34.4636816,35.9087891
"المنية-الضنية","بطرماز",34.4229694,36.0337088
"المنية-الضنية","بقاع صفرين",34.3763652,36.0250762
"المنية-الضنية","بقرصونه",34.3791072,36.0451139
"المنية-الضنية","بيت الفقس",34.3952734,36.0503398
"المنية-الضنية","بيت حاويك",34.4239398,36.0710144
"المنية-الضنية","حرف الصياد",NA,NA
"المنية-الضنية","حقل العزيمه",34.3997579,36.0184497
"المنية-الضنية","حوارة",34.4174454,36.0737195
"المنية-الضنية","دبعل",34.4341339,36.07616489999999
"المنية-الضنية","دير عمار",NA,NA
"المنية-الضنية","دير نبوح",34.3730504,35.9299388
"المنية-الضنية","زغرتغرين",34.3593897,35.9535842
"المنية-الضنية","سير",NA,NA
"المنية-الضنية","طاران",34.4064428,36.0307087
"المنية-الضنية","عاصون",34.3855091,36.0101261
"المنية-الضنية","عزقي",34.4323092,35.9827413
"المنية-الضنية","عيمار",34.3493425,35.9681552
"المنية-الضنية","عين التينة",34.391204,36.0489095
"المنية-الضنية","قرصيتا",34.3876964,36.0595801
"المنية-الضنية","قزحيا",NA,NA
"المنية-الضنية","كرم المهر",34.3651569,35.9856564
"المنية-الضنية","كفر حبو",34.4144715,35.9594517
"المنية-الضنية","كفر شلان",34.425113,35.9864165
"المنية-الضنية","كفربنين",34.4788572,35.9325816
"المنية-الضنية","كهف الملول",34.3483231,35.9554845
"المنية-الضنية","مراح السريج",34.4207293,35.9952087
"المنية-الضنية","مراح السفيرة",34.3992822,36.03685249999999
"المنية-الضنية","مركبتا",34.4531397,35.9644012
"المنية-الضنية","مزرعة القرين",NA,NA
"المنية-الضنية","نمرين",NA,NA
"المنية-الضنية","وادي النحلة",34.4504661,35.8662636
"بشري","الديمان",34.2444887,35.9518013
"بشري","المغر وبلا",NA,NA
"بشري","بان",34.2764473,35.9553723
"بشري","برحليون",34.2603309,35.8834116
"بشري","بريسات",34.2412987,35.9408488
"بشري","بزعون",NA,NA
"بشري","بشري حي السيدة",NA,NA
"بشري","بشري حي المقدمين",NA,NA
"بشري","بشري حي مار سابا",34.2488835,36.010602
"بشري","بشري حي مار يوحنا",NA,NA
"بشري","بقاعكفرا",34.2404863,36.00233
"بشري","بقرقاشا",34.2405813,35.9965816
"بشري","بلوزا",34.2624887,35.9521471
"بشري","بيت منذر",34.2581735,35.9114424
"بشري","حدث الجبه",34.2473023,35.930339
"بشري","حدشيت",34.2546997,35.9851599
"بشري","حصرون",34.2413261,35.9795265
"بشري","طورزا",34.2819222,35.8979917
"بشري","عبدين",34.2734514,35.8869908
"بشري","قنات",34.2552051,35.8943979
"بشري","قنيور",34.2519405,36.0115178
"بشري","مزرعة بني صعب",34.2478141,35.8860039
"بشري","مزرعة عساف",34.248986,35.8753931
"بشري","وادي قنوبين",34.2549347,35.9429697
"زغرتا","اجبع",34.30881520000001,35.9433792
"زغرتا","ارده",34.4080321,35.9147179
"زغرتا","اسلوت",34.324574,35.9620959
"زغرتا","اصنون",34.3870224,35.8880755
"زغرتا","البحيرة",34.3339744,35.8940076
"زغرتا","القادريه",34.4145299,35.9233372
"زغرتا","ايطو",34.3078709,35.9204268
"زغرتا","ايعال",34.3622635,35.9123711
"زغرتا","بسلوقيط",34.3080964,35.9656026
"زغرتا","بشنين",34.3479375,35.8588774
"زغرتا","بنشعي",34.3339706,35.8940108
"زغرتا","بوسيط",34.4383787,35.9261833
"زغرتا","بيت عبيد",34.4310721,35.9200476
"زغرتا","بيت عوكر",34.43276,35.9169174
"زغرتا","حارة الفوار",34.4329283,35.8885684
"زغرتا","حرف ارده",NA,NA
"زغرتا","حرف مزيارة",34.3321887,35.9414779
"زغرتا","حريقص",34.4545076,35.9281807
"زغرتا","حميص",34.396315800000004,35.8958444
"زغرتا","حيلان",34.4285456,35.9604242
"زغرتا","داريا",34.3284418,35.8700701
"زغرتا","راسكيفا",34.3093069,35.866924
"زغرتا","رشعين",34.3994259,35.9204409
"زغرتا","زغرتا حي السيدة الشرقي",34.396315800000004,35.8958444
"زغرتا","زغرتا حي السيدة الغربي",34.396315800000004,35.8958444
"زغرتا","زغرتا حي الصليب الجنوبي",NA,NA
"زغرتا","زغرتا حي الصليب الشمالي",34.400101,35.8906335
"زغرتا","زغرتا حي المعاصر",NA,NA
"زغرتا","سبعل",34.3124014,35.9077049
"زغرتا","سرعل",34.2882566,35.9123553
"زغرتا","عربة قزحيا",34.2936877,35.9275964
"زغرتا","عرجس",34.330179,35.8815518
"زغرتا","عشاش",34.4113621,35.9351359
"زغرتا","علما",34.4270724,35.898152
"زغرتا","عينطورين",34.288205,35.9465255
"زغرتا","قره باش",34.3858794,35.8945019
"زغرتا","كرم سده",34.3076366,35.8921413
"زغرتا","كفر حورا",34.3741147,35.8689461
"زغرتا","كفر دلاقوس",34.3933023,35.9058572
"زغرتا","كفر زينا",34.3670309,35.8800281
"زغرتا","كفر شخنا",34.3643742,35.8640401
"زغرتا","كفر صغاب",NA,NA
"زغرتا","كفر ياشيت",34.3477205,35.89456029999999
"زغرتا","كفرفو",34.3176467,35.880018
"زغرتا","مجدليا",34.4149859,35.8694944
"زغرتا","مرياطه",34.4181897,35.9315086
"زغرتا","مزرعة التفاح",NA,NA
"زغرتا","مزرعة الفريديس",NA,NA
"زغرتا","مزرعة النهر",34.2843337,35.9189694
"زغرتا","مزرعة حوقا",NA,NA
"زغرتا","مزيارة",34.3331857,35.9324366
"طرابلس","التبانة",34.4399022,35.8480042
"طرابلس","التل",34.43659830000001,35.8388797
"طرابلس","الحدادين",NA,NA
"طرابلس","الحديد",NA,NA
"طرابلس","الرمانة",34.4366879,35.8429437
"طرابلس","الزاهرية",34.44021,35.840819
"طرابلس","السويقه",34.4414178,35.8402776
"طرابلس","القبة",34.4357673,35.8513044
"طرابلس","القلمون",34.3863898,35.782652
"طرابلس","المهاترة",NA,NA
"طرابلس","الميناء",34.4345947,35.8361633
"طرابلس","النوري",34.4348965,35.8429465
"النبطية","ارنون",33.331508,35.5258779
"النبطية","الدوير",33.3901493,35.4183324
"النبطية","الشرقية",33.3999364,35.419487
"النبطية","القصيبه",NA,NA
"النبطية","الكفور",33.4005024,35.4519183
"النبطية","النبطية التحتا حي البياض",NA,NA
"النبطية","النبطية التحتا حي السراي",NA,NA
"النبطية","النبطية التحتا حي المسيحيين",NA,NA
"النبطية","النبطية التحتا حي الميدان",NA,NA
"النبطية","النبطية الفوقا",33.3635336,35.4942229
"النبطية","النميريه",33.4230065,35.3989303
"النبطية","انصار",33.3793266,35.3544755
"النبطية","بريقع",33.3425763,35.38427070000001
"النبطية","تول",33.3894682,35.4456216
"النبطية","جباع",33.4862543,35.5176113
"النبطية","جبشيت",33.3670949,35.4374609
"النبطية","جرجوع",33.4461612,35.5189366
"النبطية","حاروف",33.3779657,35.4433258
"النبطية","حبوش",33.4074237,35.4785881
"النبطية","حومين التحتا",33.4767052,35.4337856
"النبطية","حومين الفوقا",33.4410128,35.4989664
"النبطية","دير الزهراني",33.4303085,35.4568714
"النبطية","رومين",33.4632975,35.4416414
"النبطية","زبدين",33.3757342,35.4613782
"النبطية","زفتا",33.4483347,35.39821209999999
"النبطية","زوطر الشرقية",33.3197404,35.4719468
"النبطية","زوطر الغربية",33.3217712,35.4627531
"النبطية","سيني",NA,NA
"النبطية","شوكين",33.3550703,35.4642288
"النبطية","صربا",33.4669591,35.4759198
"النبطية","صير الغربية",33.3200643,35.3641087
"النبطية","عبا",33.3607344,35.4011052
"النبطية","عدشيت",33.3459004,35.4216201
"النبطية","عرب صاليم",33.4289821,35.5163851
"النبطية","عزه",33.4537665,35.4310285
"النبطية","عين بوسوار",33.4739429,35.5190125
"النبطية","عين قانا",33.471836,35.5102412
"النبطية","قعقعية الجسر",33.3245537,35.4244568
"النبطية","كفر تبنيت",33.3532977,35.5134643
"النبطية","كفر رمان",33.3861762,35.4966059
"النبطية","كفرصير",33.3249805,35.4007545
"النبطية","كفرفيلا",33.482076,35.5022989
"النبطية","كفروة",33.4438081,35.42669679999999
"النبطية","ميفدون",33.3486314,35.4763955
"بنت جبيل","السلطانيه",33.2048244,35.4053397
"بنت جبيل","الطيري",33.1349805,35.4029115
"بنت جبيل","برج قلاويه",33.2605601,35.4188769
"بنت جبيل","برعشيت",NA,NA
"بنت جبيل","بنت جبيل حي البركه",NA,NA
"بنت جبيل","بنت جبيل حي الجامع",NA,NA
"بنت جبيل","بنت جبيل حي الحسينية",NA,NA
"بنت جبيل","بنت جبيل حي الحواره",NA,NA
"بنت جبيل","بنت جبيل حي عين الصغيرة",NA,NA
"بنت جبيل","بيت ليف",33.1336732,35.3327275
"بنت جبيل","بيت ياحون",33.1590378,35.4210971
"بنت جبيل","تبنين حي آل بري",33.1239898,35.432347300000004
"بنت جبيل","تبنين حي التحتاني",33.1239898,35.432347300000004
"بنت جبيل","تبنين حي الفوقاني",33.1239898,35.432347300000004
"بنت جبيل","تبنين حي الكاثوليك",33.1239898,35.432347300000004
"بنت جبيل","جميجمه",33.2062662,35.4408678
"بنت جبيل","حاريص",33.120548,35.4335263
"بنت جبيل","حانين",33.1101276,35.3809647
"بنت جبيل","حداثا",33.1651259,35.3887321
"بنت جبيل","خربة سلم",33.2302091,35.4254808
"بنت جبيل","دبل",NA,NA
"بنت جبيل","دير انطار",33.2195271,35.3748228
"بنت جبيل","راميه",33.10887659999999,35.3125574
"بنت جبيل","رشاف",33.1429851,35.3624868
"بنت جبيل","رميش",33.0793726,35.3688788
"بنت جبيل","شقرا",33.1932565,35.46905
"بنت جبيل","صربين",33.1537099,35.3587628
"بنت جبيل","صفد البطيخ",NA,NA
"بنت جبيل","عيتا الجبل",NA,NA
"بنت جبيل","عيتا الشعب",33.0975932,35.3353853
"بنت جبيل","عيترون",33.1156479,35.4687094
"بنت جبيل","عين ابل حي الدير",33.1115688,35.4017215
"بنت جبيل","عين ابل حي العين",33.1115688,35.4017215
"بنت جبيل","عين ابل حي الكنيسة",NA,NA
"بنت جبيل","عيناتا",33.1289358,35.4351962
"بنت جبيل","غندورية",33.1205225,35.4335554
"بنت جبيل","فرون",33.1205225,35.4335554
"بنت جبيل","قلاويه",33.2552046,35.4175506
"بنت جبيل","قوزح",33.1163676,35.3414799
"بنت جبيل","كفردونين",33.2404501,35.3970189
"بنت جبيل","كفره",33.1760412,35.3516124
"بنت جبيل","كونين",33.120548,35.4335263
"بنت جبيل","مارون الراس",33.1075398,35.445046
"بنت جبيل","يارون",NA,NA
"بنت جبيل","ياطر",33.1537206,35.3289023
"حاصبيا","ابو قمحه",33.3825588,35.6621669
"حاصبيا","الخلوات",33.3736146,35.7284708
"حاصبيا","الدلافة",33.3979081,35.6851505
"حاصبيا","الفرديس",33.3719193,35.6680251
"حاصبيا","الكفير",33.4300015,35.7396756
"حاصبيا","الماري",33.3221258,35.6423693
"حاصبيا","المجيديه",NA,NA
"حاصبيا","الهبارية",33.3668785,35.6976596
"حاصبيا","برغز",33.4139899,35.6246671
"حاصبيا","حاصبيا حي السراي",NA,NA
"حاصبيا","حاصبيا حي العين",NA,NA
"حاصبيا","حاصبيا حي الفوقاني",NA,NA
"حاصبيا","حاصبيا حي صفيفة",NA,NA
"حاصبيا","راشيا الفخار",33.3540017,35.6674174
"حاصبيا","شبعا شرقي",33.3490302,35.749612
"حاصبيا","شبعا غربي",33.3490302,35.749612
"حاصبيا","شويا",33.3961566,35.7148061
"حاصبيا","عين جرفا",33.3821598,35.6849529
"حاصبيا","عين قنيا",33.3987925,35.7071822
"حاصبيا","كفر حمام",33.3431879,35.6783777
"حاصبيا","كفرشوبا",33.3279942,35.6922505
"حاصبيا","مرج الزهور",33.4654104,35.7453001
"حاصبيا","ميمس",33.419743,35.714483799999996
"مرجعيون","ابل السقي",33.3572784,35.6275686
"مرجعيون","الجديدة حي السراي",33.3766118,35.4830941
"مرجعيون","الجديدة حي العيون",NA,NA
"مرجعيون","الجديدة حي القلعة",NA,NA
"مرجعيون","الجديدة حي المدارس",NA,NA
"مرجعيون","الخيام جنوبي",33.3294132,35.6148488
"مرجعيون","الخيام شرقي",33.3294132,35.6148488
"مرجعيون","الخيام شمالي",33.3294132,35.6148488
"مرجعيون","الخيام غربي",NA,NA
"مرجعيون","الطيبه",33.2762683,35.52056049999999
"مرجعيون","القصير",33.2925695,35.4547894
"مرجعيون","القليعه",NA,NA
"مرجعيون","الوزاني",33.2770721,35.6214726
"مرجعيون","برج الملوك",33.3243796,35.5632909
"مرجعيون","بلاط",33.3861807,35.6006044
"مرجعيون","بليدا",33.1382442,35.5169211
"مرجعيون","بني حيان",33.2441916,35.489223
"مرجعيون","بويضة",NA,NA
"مرجعيون","تولين",33.2467179,35.4489174
"مرجعيون","حولا",33.2090575,35.5162738
"مرجعيون","دبين",33.3703722,35.5959374
"مرجعيون","دير سريان",33.2917509,35.5001874
"مرجعيون","دير ميماس",33.3034335,35.5451738
"مرجعيون","رب ثلاثين",33.2487623,35.5181848
"مرجعيون","سرده والعمره",NA,NA
"مرجعيون","صوانه",33.2333902,35.4374284
"مرجعيون","طلوسه",33.2362587,35.4850696
"مرجعيون","عديسه",33.2544286,35.5424605
"مرجعيون","علمان",33.302117,35.47063
"مرجعيون","قبريخا",33.252375,35.4647334
"مرجعيون","قنطره",33.2735666,35.4636549
"مرجعيون","كفركلا",33.2787481,35.554823
"مرجعيون","مجدل سلم",33.2217027,35.4644885
"مرجعيون","محيبيب",33.1541834,35.5052301
"مرجعيون","مركبا",33.2334166,35.516795
"مرجعيون","ميس الجبل جنوبي",33.1691634,35.5211931
"مرجعيون","ميس الجبل شرقي",33.1691634,35.5211931
"مرجعيون","ميس الجبل شمالي",33.1691634,35.5211931
"مرجعيون","ميس الجبل غربي",33.1691634,35.5211931
"الهرمل","البويضة الحي الغربي",34.4356421,36.4147244
"الهرمل","البويضة الشمالية",NA,NA
"الهرمل","البويضة",34.4356421,36.4147244
"الهرمل","الحريقه",34.4877297,36.3792182
"الهرمل","الزغرين",NA,NA
"الهرمل","الزويتيني",NA,NA
"الهرمل","السويسة",34.3970516,36.3871708
"الهرمل","الشربين",NA,NA
"الهرمل","الشواغير التحتا",NA,NA
"الهرمل","الشواغير الفوقا",NA,NA
"الهرمل","القرينة",34.3970516,36.3871708
"الهرمل","القصر",34.4785661,36.4385929
"الهرمل","الكواخ",34.4665343,36.3899711
"الهرمل","المعاصر",34.4292511,36.32549050000001
"الهرمل","المعيصرة",34.2762355,36.2927819
"الهرمل","الهرمل حي الحارة",NA,NA
"الهرمل","الهرمل حي الوقف",NA,NA
"الهرمل","الهرمل حي بديتا",NA,NA
"الهرمل","بريصا",34.4434186,36.316182
"الهرمل","جوار الحشيش",34.4865123,36.327393
"الهرمل","حميره",34.4948795,36.33108199999999
"الهرمل","حوش السيد علي",34.4594181,36.4996927
"الهرمل","سهلات الماء",34.48351,36.39853
"الهرمل","فيسان",34.4760417,36.3468336
"الهرمل","قنافذ",NA,NA
"الهرمل","مراح العين",34.4711515,36.3358283
"الهرمل","مزرعة الفقيه",34.3490992,36.341291
"الهرمل","مزرعة بيت الطشم",34.420494,36.4587536
"الهرمل","مزرعة سجد",NA,NA
"الهرمل","وادي التركمان",34.3764387,36.3190912
"الهرمل","وادي الرطل",NA,NA
"الهرمل","وادي العس",NA,NA
"الهرمل","وادي الكرم",34.3417207,36.3214108
"الهرمل","وادي النيرة",34.3118775,36.3127627
"الهرمل","وادي بنيت",NA,NA
"بعلبك","الانصار",33.9696436,36.1541608
"بعلبك","البرانيه حي المسيحيين",NA,NA
"بعلبك","البرباره محلة المسيحيين",NA,NA
"بعلبك","التوفيقيه",34.1754879,36.3170067
"بعلبك","الجديده",NA,NA
"بعلبك","الجوبانية",NA,NA
"بعلبك","الحدث الشمالي",NA,NA
"بعلبك","الحدث الغربي",NA,NA
"بعلبك","الحلانيه",NA,NA
"بعلبك","الخريبه حي الجامع",NA,NA
"بعلبك","الخريبه",33.8728416,36.1630504
"بعلبك","الخضر الشرقي",34.0066935,36.2038256
"بعلبك","الخضر الغربي",NA,NA
"بعلبك","الخضر حي الاشعل",NA,NA
"بعلبك","الخضر حي الجنوبي",NA,NA
"بعلبك","الخضر حي الشعب",NA,NA
"بعلبك","الرام",34.0046888,36.2110399
"بعلبك","الريش حي الشرقي",34.0046888,36.2110399
"بعلبك","الريش حي الشميس",NA,NA
"بعلبك","الريش حي الغربي",NA,NA
"بعلبك","الزرازير",34.1480812,36.1016081
"بعلبك","السعيده",34.0187088,36.0812506
"بعلبك","السفري",NA,NA
"بعلبك","الصوانية",NA,NA
"بعلبك","العقيدية",NA,NA
"بعلبك","العلاق",NA,NA
"بعلبك","العين",34.2283419,36.3721324
"بعلبك","الفاكهة حي الجامع",NA,NA
"بعلبك","الفاكهة حي مار جرجس",NA,NA
"بعلبك","القاع",34.3418531,36.4801848
"بعلبك","القدام",34.182402,36.1957835
"بعلبك","اللبوة",34.196821,36.3538435
"بعلبك","النبي رشاده",33.9949018,36.0389768
"بعلبك","النبي سباط",33.9366127,36.2357976
"بعلبك","النبي شيت حي الجامع",NA,NA
"بعلبك","النبي شيت حي الجنوبي",NA,NA
"بعلبك","النبي شيت حي الشرقي",NA,NA
"بعلبك","النبي شيت حي الشمالي",NA,NA
"بعلبك","النبي شيت حي العريض",NA,NA
"بعلبك","النبي شيت حي العقبة",NA,NA
"بعلبك","النبي شيت حي الغربي",33.8929182,35.4713454
"بعلبك","النبي شيت حي طبشار",NA,NA
"بعلبك","النبي عثمان",34.2128467,36.3665258
"بعلبك","النبي نعام",NA,NA
"بعلبك","النقرة",NA,NA
"بعلبك","اليمونه",34.1291398,36.028144
"بعلبك","ايعات",34.03749390000001,36.17540109999999
"بعلبك","بتدعي",34.1003778,36.1282821
"بعلبك","برقه",NA,NA
"بعلبك","بريتال اليونسية",NA,NA
"بعلبك","بريتال حي التين",NA,NA
"بعلبك","بريتال شرقي",33.9348644,36.1480826
"بعلبك","بريتال شميس غربي",33.9640031,36.0183791
"بعلبك","بريتال شميس",33.955627,36.13587
"بعلبك","بريتال عين البنيه",33.9115371,36.2269011
"بعلبك","بريتال عين الجوز",33.8389099,36.3149744
"بعلبك","بريتال غربي",33.9348644,36.1480826
"بعلبك","بشوات",34.1502528,36.1353964
"بعلبك","بوداي",34.0612351,36.0639121
"بعلبك","بيت ابو صليبي",NA,NA
"بعلبك","بيت شاما",33.9188672,36.0239398
"بعلبك","بيت مشيك",34.0444582,36.0301164
"بعلبك","تمنين التحتا",33.8847651,35.992489
"بعلبك","تمنين الفوقا",33.9041633,35.97913
"بعلبك","جبعا",34.0044971,36.0436747
"بعلبك","جبوله",34.2271375,36.3522283
"بعلبك","جنتا",33.8573325,36.10748330000001
"بعلبك","حام",33.8742494,36.2021291
"بعلبك","حربتا",34.2077403,36.2664719
"بعلبك","حزين",NA,NA
"بعلبك","حلبتا",34.2548027,36.2885283
"بعلبك","حور تعلا حي الشعب",NA,NA
"بعلبك","حور تعلا حي الوادي",NA,NA
"بعلبك","حور تعلا حي حقل العرجة",NA,NA
"بعلبك","حور تعلا",33.9182883,36.1414859
"بعلبك","حوش الذهب",34.0282445,36.1179905
"بعلبك","حوش الرافقه",33.9231252,36.0430164
"بعلبك","حوش النبي",33.9345221,36.0648766
"بعلبك","حوش بردى",34.0112807,36.1207803
"بعلبك","حوش تل صفيه",34.0246521,36.140136
"بعلبك","حوش سنيد",33.9285447,36.0826431
"بعلبك","حي الست",NA,NA
"بعلبك","حي الصلح",NA,NA
"بعلبك","حي العباسية",34.0103125,36.1769375
"بعلبك","دار الواسعة",34.1066262,36.0574019
"بعلبك","دورس حي البير",NA,NA
"بعلبك","دورس حي السيدة",33.9897412,36.1790053
"بعلبك","دورس حي الشحاديه",NA,NA
"بعلبك","دير الاحمر",34.1247875,36.1290839
"بعلبك","راس بعلبك",34.2601333,36.418128
"بعلبك","رماسا",NA,NA
"بعلبك","ريحا",34.1532106,36.1910042
"بعلبك","زبود",34.2404954,36.3198234
"بعلبك","سرعين التحتا",33.8797821,36.078736
"بعلبك","سرعين الفوقا حي الجامع",NA,NA
"بعلبك","سرعين الفوقا حي الحارة",NA,NA
"بعلبك","سرعين الفوقا شرقي",33.878645,36.0928778
"بعلبك","سرعين الفوقا غربي",33.878645,36.0928778
"بعلبك","شعت حي الجامع",NA,NA
"بعلبك","شعت حي الضهر",NA,NA
"بعلبك","شليفا",34.0855238,36.1001618
"بعلبك","شمسطار الجنوبي",NA,NA
"بعلبك","شمسطار الشرقي",33.9640031,36.0183791
"بعلبك","شمسطار الشمالي",NA,NA
"بعلبك","شمسطار الغربي",NA,NA
"بعلبك","صبوبا",NA,NA
"بعلبك","صفرا",34.147986,36.1663401
"بعلبك","طاريا الجنوبي",NA,NA
"بعلبك","طاريا الشمالي",NA,NA
"بعلبك","طفيل",33.8498751,36.36788749999999
"بعلبك","طليا",33.936693,36.0968463
"بعلبك","عرسال جنوبي",34.17909960000001,36.4206634
"بعلبك","عرسال شرقي",34.17909960000001,36.4206634
"بعلبك","عرسال شمالي",34.17909960000001,36.4206634
"بعلبك","عين السوداء",NA,NA
"بعلبك","عين بورضاي",33.991178,36.2018673
"بعلبك","غفره",NA,NA
"بعلبك","فلاوي",34.0813065,36.0571008
"بعلبك","قبة دورس",33.9982057,36.1840209
"بعلبك","قرحا",34.1665575,36.2076087
"بعلبك","قصرنبا",NA,NA
"بعلبك","قلد السبع",NA,NA
"بعلبك","قلعة غربي",NA,NA
"بعلبك","قلعة",NA,NA
"بعلبك","كفردان الغربي",NA,NA
"بعلبك","كفردان",34.0112123,36.0463157
"بعلبك","كفردبش",33.94476,36.033131
"بعلبك","مجدلون",33.9902626,36.1347929
"بعلبك","مزرعة آل سويدان",NA,NA
"بعلبك","مزرعة ابو صليبي",NA,NA
"بعلبك","مزرعة التوت",NA,NA
"بعلبك","مزرعة السيد",34.1016229,36.0817241
"بعلبك","مزرعة الضليل",NA,NA
"بعلبك","مزرعة بيت مطر",NA,NA
"بعلبك","مصنع الزهرة",NA,NA
"بعلبك","معربون",33.850403,36.188906
"بعلبك","مقراق",34.1771724,36.3213879
"بعلبك","مقنه",34.0786856,36.2095204
"بعلبك","نبحا الحرفوش",34.2001734,36.2452454
"بعلبك","نبحا الدمدوم",34.1832504,36.2259263
"بعلبك","نبحا المحفارة",34.1832504,36.2259263
"بعلبك","نبحا حي الجامع",NA,NA
"بعلبك","نبحا قليلة",34.1832504,36.2259263
"بعلبك","نحله",34.0421557,36.2608954
"بعلبك","وادي الزين",NA,NA
"بعلبك","وادي الصفا الشرقي",NA,NA
"بعلبك","وادي المشمشه",NA,NA
"بعلبك","وادي فعرة",NA,NA
"بعلبك","يحفوفا",33.8581472,36.1226933
"بعلبك","يونين جنوبي",34.0775725,36.2750229
"بعلبك","يونين شرقي",34.0775725,36.2750229
"بعلبك","يونين شمالي",34.0775725,36.2750229
"بعلبك","يونين غربي",34.0775725,36.2750229
"بيروت الاولى","الاشرفية",NA,NA
"بيروت الاولى","الرميل",NA,NA
"بيروت الاولى","الصيفي",NA,NA
"بيروت الثالثة","المزرعة",NA,NA
"بيروت الثالثة","المصيطبة",NA,NA
"بيروت الثالثة","دار المريسة",33.9010266,35.4896268
"بيروت الثالثة","رأس بيروت",NA,NA
"بيروت الثالثة","زقاق البلاط",NA,NA
"بيروت الثالثة","ميناء الحصن",NA,NA
"بيروت الثانية","الباشورة",33.8915689,35.5024498
"بيروت الثانية","المدور",NA,NA
"بيروت الثانية","المرفأ",NA,NA
"الشوف","الباروك",33.7075573,35.6820827
"الشوف","البرجين",33.6574954,35.4864223
"الشوف","البطال",NA,NA
"الشوف","الجاهلية",33.6655531,35.5121265
"الشوف","الجليليه",NA,NA
"الشوف","الجميليه",33.6002859,35.4264635
"الشوف","الجيه",33.6700643,35.4253006
"الشوف","الدامور",33.730609,35.4547306
"الشوف","الدبية",33.66500389999999,35.4878752
"الشوف","الرميله",33.6071128,35.3951961
"الشوف","الزعرورية",33.6147214,35.520743
"الشوف","السمقانية",33.6799436,35.5881562
"الشوف","الفريديس",NA,NA
"الشوف","الفواره",NA,NA
"الشوف","الكحلونية",33.6491247,35.5901363
"الشوف","الكنيسة",33.7200478,35.5742177
"الشوف","المحتقره دير المخلص",NA,NA
"الشوف","المختارة",33.6588474,35.6140621
"الشوف","المشرف",33.7143942,35.4680279
"الشوف","المطله",33.6109677,35.5408033
"الشوف","المعنيه",NA,NA
"الشوف","المغيريه",NA,NA
"الشوف","الناعمه",33.7489379,35.4534798
"الشوف","الوردانية",33.6127285,35.4345716
"الشوف","الورهانية",33.7139299,35.6669265
"الشوف","باتر",33.6012735,35.618074
"الشوف","بتلون",33.6960251,35.6504881
"الشوف","برجا",33.6491608,35.4434673
"الشوف","بريح",33.7162724,35.6584592
"الشوف","بسابا",33.6039389,35.5533485
"الشوف","بشتفين",33.7130865,35.5542721
"الشوف","بطمه",33.6612486,35.6209921
"الشوف","بعاصير",33.6584991,35.4481083
"الشوف","بعذران",33.6363201,35.6191001
"الشوف","بعقلين التحتا",NA,NA
"الشوف","بعقلين الفوقا",NA,NA
"الشوف","بقعاتا",33.67001930000001,35.5995481
"الشوف","بنويتي",33.6777756,35.5151043
"الشوف","بيت الدين",33.6948353,35.5812798
"الشوف","بيقون",33.616539,35.5821881
"الشوف","جدرا - وادي الزينة",33.6304843,35.4074806
"الشوف","جديدة الشوف",33.6633565,35.607638
"الشوف","جون",33.5808902,35.4611653
"الشوف","حارة الناعمه",33.739129,35.4552512
"الشوف","حارة بعاصير",33.6635007,35.4484422
"الشوف","حارة جندل",33.6281609,35.6062045
"الشوف","حصروت",33.6284611,35.5345001
"الشوف","خربة بسري",33.5842978,35.5261071
"الشوف","دلهون",33.6266274,35.4681203
"الشوف","دميت",33.6919368,35.5078105
"الشوف","دير القمر",33.6972116,35.5605831
"الشوف","دير بابا",33.695488,35.5233531
"الشوف","دير دوريت",33.6844586,35.5445836
"الشوف","دير كوشه",33.7204589,35.5639462
"الشوف","سبلين",33.6233284,35.4354231
"الشوف","سرجبال",33.6822838,35.5150067
"الشوف","شحيم حي البدوي",NA,NA
"الشوف","شحيم حي البيادر",NA,NA
"الشوف","شحيم حي الجامع",NA,NA
"الشوف","شحيم حي السهله",NA,NA
"الشوف","شحيم حي الشريفة",NA,NA
"الشوف","شحيم حي الوسطاني",33.1183333,35.2375
"الشوف","شحيم حي شحرور",NA,NA
"الشوف","شوريت",NA,NA
"الشوف","ضهر المغارة",33.6797207,35.448174
"الشوف","عانوت",33.6299722,35.5150603
"الشوف","عترين",33.6530556,35.5688889
"الشوف","عماطور",33.6435278,35.60858440000001
"الشوف","عين الاسد والشميس",33.6437474,35.4657332
"الشوف","عين الحور",33.6624153,35.5011764
"الشوف","عين زحلتا",33.7413374,35.7004322
"الشوف","عين قني",33.6492234,35.6111639
"الشوف","عين وزين",33.6752855,35.6219521
"الشوف","عينبال",33.6617957,35.5623692
"الشوف","غريفه",33.63731569999999,35.5537198
"الشوف","كترمايا",33.6167699,35.4485077
"الشوف","كفر فاقود",33.7006089,35.5340337
"الشوف","كفر قطره",34.1835359,35.7872093
"الشوف","كفرحيم",33.6875988,35.5209349
"الشوف","كفرنبرخ",33.6961317,35.6309072
"الشوف","كفرنيس",33.7381995,35.6414191
"الشوف","كليليه",NA,NA
"الشوف","مجدل المعوش",33.7243323,35.6231354
"الشوف","مجدلونا",NA,NA
"الشوف","مرج برجا",33.648028,35.4587766
"الشوف","مرستي",33.6225712,35.6461569
"الشوف","مزبود",33.6100433,35.4799192
"الشوف","مزرعة الشوف",33.64140500000001,35.5865223
"الشوف","مزرعة الضهر",33.5943493,35.5152919
"الشوف","مزموره",33.5951529,35.508808
"الشوف","معاصر الشوف",33.6673735,35.6704505
"الشوف","معاصر بيت الدين",33.7005769,35.5969871
"الشوف","وادي الدير",NA,NA
"الشوف","وادي الست",33.7143708,35.6302257
"الشوف","وادي بنحليه",NA,NA
"الشوف","وادي دير دوريت",33.6819566,35.5344682
"المتن الشمالي","ابو ميزان",33.936769,35.7179735
"المتن الشمالي","البوشريه",33.8787159,35.5631773
"المتن الشمالي","الجديدة",33.8918998,35.5630426
"المتن الشمالي","الجوار",33.9284293,35.7312577
"المتن الشمالي","الخله",NA,NA
"المتن الشمالي","الخنشاره",33.9235589,35.7380588
"المتن الشمالي","الدكوانه",33.8793878,35.543721
"المتن الشمالي","الدوار",33.905454,35.6994627
"المتن الشمالي","الديشونيه",33.8463656,35.575361
"المتن الشمالي","الرابية",33.91653350000001,35.6077849
"المتن الشمالي","الزلقا",33.9027786,35.5758587
"المتن الشمالي","السفيله",NA,NA
"المتن الشمالي","الشاويه والقنيطره",NA,NA
"المتن الشمالي","الشوير",33.9053957,35.7218385
"المتن الشمالي","الضبيه",33.9329151,35.5892181
"المتن الشمالي","العطشانه",33.9123551,35.65058459999999
"المتن الشمالي","العيرون",33.9073013,35.7026719
"المتن الشمالي","العيون",33.8648256,35.6078068
"المتن الشمالي","الغابه",NA,NA
"المتن الشمالي","الفريكه",33.9359255,35.6582809
"المتن الشمالي","القعقور",33.8959678,35.7209203
"المتن الشمالي","المتين",33.89342060000001,35.7438242
"المتن الشمالي","المحيدثة",33.9203261,35.690322
"المتن الشمالي","المروج",33.9111275,35.7528994
"المتن الشمالي","المسقى",NA,NA
"المتن الشمالي","المشرع",NA,NA
"المتن الشمالي","المطيلب",33.9233544,35.613102
"المتن الشمالي","المكلس",NA,NA
"المتن الشمالي","المنصوريه",33.8577543,35.5684338
"المتن الشمالي","المياسه",33.941313,35.6929013
"المتن الشمالي","النقاش",33.9224589,35.5914275
"المتن الشمالي","انطلياس",33.9170533,35.5886809
"المتن الشمالي","بتغرين",33.9284522,35.7466215
"المتن الشمالي","بحر صاف",33.916577,35.6714807
"المتن الشمالي","برج حمود",33.8937575,35.5405925
"المتن الشمالي","برمانا",33.8852731,35.6386901
"المتن الشمالي","بسكنتا جنوبي",33.9440185,35.7865408
"المتن الشمالي","بسكنتا شمالي",33.9440185,35.7865408
"المتن الشمالي","بصاليم",33.9014285,35.6048965
"المتن الشمالي","بعبدات",33.8919523,35.6757536
"المتن الشمالي","بقنايا",33.9025425,35.5883239
"المتن الشمالي","بكفيا",33.9206106,35.6815313
"المتن الشمالي","بياقوت",33.8956143,35.5855269
"المتن الشمالي","بيت الشعار",33.927652,35.6184496
"المتن الشمالي","بيت الككو",33.9233046,35.6429399
"المتن الشمالي","بيت شباب تحتاني",NA,NA
"المتن الشمالي","بيت شباب فوقاني",33.9271828,35.6724963
"المتن الشمالي","بيت مري",33.869778,35.6080854
"المتن الشمالي","جل الديب",33.9088456,35.5819893
"المتن الشمالي","جورة البلوط",33.8910225,35.6349196
"المتن الشمالي","حملايا",33.9359586,35.7086644
"المتن الشمالي","دير شمرا",33.9491935,35.7130141
"المتن الشمالي","ديك المحدي",33.9304173,35.6223788
"المتن الشمالي","روميه",33.8830244,35.620377
"المتن الشمالي","زبوغا",33.9524311,35.7361223
"المتن الشمالي","زرعون",33.8967137,35.71078540000001
"المتن الشمالي","زكريت",33.9378641,35.6300523
"المتن الشمالي","زوق الخراب ومار يوسف",33.8922214,35.5439899
"المتن الشمالي","ساقية المسك",33.9196319,35.67888689999999
"المتن الشمالي","سد البوشريه",33.8787159,35.5631773
"المتن الشمالي","سن الفيل حي البلده",NA,NA
"المتن الشمالي","سن الفيل حي الجديد",NA,NA
"المتن الشمالي","سن الفيل حي الحرج",NA,NA
"المتن الشمالي","سن الفيل حي جسر الباشا",33.8788486,35.537538
"المتن الشمالي","شرين",33.9320317,35.7308642
"المتن الشمالي","ضهر الصوان",33.8973958,35.6684005
"المتن الشمالي","عمارة شلهوب",33.8986804,35.5684415
"المتن الشمالي","عوكر",33.9337087,35.5957742
"المتن الشمالي","عين التفاحة",33.9328733,35.7265218
"المتن الشمالي","عين الخروبه",33.9337197,35.7010954
"المتن الشمالي","عين الزيتونه",33.9051405,35.7438163
"المتن الشمالي","عين السنديانه",33.9027291,35.7284029
"المتن الشمالي","عين الصفصاف",33.9016762,35.7298115
"المتن الشمالي","عين القبو ودير مار سمعان",33.9837724,35.6680913
"المتن الشمالي","عين سعادة",33.8640116,35.5971022
"المتن الشمالي","عين عار",33.9211511,35.6414318
"المتن الشمالي","عين علق",33.9215868,35.6604765
"المتن الشمالي","عينطوره",33.8857038,35.7744672
"المتن الشمالي","فنار",33.8798483,35.578307
"المتن الشمالي","قرنة الحمرا",33.9355022,35.6493881
"المتن الشمالي","قرنة شهوان",33.9180056,35.6428262
"المتن الشمالي","قنابة برمانا",33.8939266,35.6164078
"المتن الشمالي","قنابة صليما",33.8853419,35.692234
"المتن الشمالي","كفر عقاب",33.9454544,35.7458774
"المتن الشمالي","كفرتيه",33.9271368,35.5863613
"المتن الشمالي","مار بطرس كرم التين",33.9303438,35.68278
"المتن الشمالي","مار شعيا والمزكه",NA,NA
"المتن الشمالي","مار مخايل بنابيل",33.9017717,35.7379291
"المتن الشمالي","مار موسى الدوار",33.9016335,35.6838534
"المتن الشمالي","مجدل ترشيش",33.8941661,35.801348
"المتن الشمالي","مرجبا",33.9160656,35.7511835
"المتن الشمالي","مزرعة بنابيل",33.9017717,35.7379291
"المتن الشمالي","مزرعة يشوع",33.929879,35.6358562
"المتن الشمالي","مزهر ومجدوب",33.9325893,35.5868079
"المتن الشمالي","مشيخا",33.8871401,35.7463226
"المتن الشمالي","نابيه",33.8998491,35.6206129
"المتن الشمالي","وادي شاهين",33.93158,35.6929013
"المتن الشمالي","وطى المروج",33.909886,35.7408073
"بعبدا","ارصون",33.8603793,35.6905583
"بعبدا","الحازميه",33.833797,35.544145
"بعبدا","الحدث شمالي",33.8504679,35.52787259999999
"بعبدا","الحدث قبلي",33.8504679,35.52787259999999
"بعبدا","الدليبه",33.879205,35.6891526
"بعبدا","الشبانيه",33.815598,35.7164824
"بعبدا","الشياح بئر العبد",NA,NA
"بعبدا","الشياح حي الكنيسة",NA,NA
"بعبدا","الشياح حي كرم الزيتون",NA,NA
"بعبدا","العباديه",33.83673150000001,35.6219025
"بعبدا","العربانية",NA,NA
"بعبدا","الغبيري بئر حسن",33.8597816,35.5028843
"بعبدا","الغبيري حي الجامع",NA,NA
"بعبدا","الفياضية",33.8406393,35.558419
"بعبدا","القريه",33.8088206,35.6825049
"بعبدا","القلعه",33.8395718,35.7299299
"بعبدا","الليلكه",NA,NA
"بعبدا","المرداشة",33.8269029,35.5438399
"بعبدا","المريجه",NA,NA
"بعبدا","بتبيات",33.8351897,35.7070288
"بعبدا","بتخنيه",NA,NA
"بعبدا","برج البراجنة حي السنديان",NA,NA
"بعبدا","برج البراجنة حي السياد",33.8352217,35.50683679999999
"بعبدا","برج البراجنة حي المنشية",NA,NA
"بعبدا","بزبدين",33.8716008,35.7307224
"بعبدا","بطشيه",33.8269029,35.5438399
"بعبدا","بعبدا",33.833797,35.544145
"بعبدا","بعلشميه",33.833797,35.544145
"بعبدا","بمريم",33.8313113,35.7172122
"بعبدا","تحويطة الغدير",33.8340853,35.4951531
"بعبدا","تحويطة النهر",NA,NA
"بعبدا","ترشيش",33.875679,35.7972553
"بعبدا","جوار الحوز",33.8633005,35.76010850000001
"بعبدا","جورة ارصون",33.8523784,35.7096861
"بعبدا","حارة البطم",33.8298948,35.5371359
"بعبدا","حارة الست",33.8246993,35.5671541
"بعبدا","حارة حريك حي الرويس",NA,NA
"بعبدا","حارة حريك حي الكنيسة",NA,NA
"بعبدا","حارة حريك قرانوح",NA,NA
"بعبدا","حارة حمزه",33.8158624,35.66465
"بعبدا","حاصبيا المتن",33.8752081,35.7217294
"بعبدا","حمانا",33.8252494,35.7332926
"بعبدا","دير الحرف",33.8484856,35.6886828
"بعبدا","دير خونا",33.831871,35.66391309999999
"بعبدا","دير مار الياس الكحلونية",33.817477,35.6610304
"بعبدا","راس الحرف",33.81303150000001,35.6721765
"بعبدا","راس المتن",33.8490151,35.661648
"بعبدا","رويسة البلوط",33.8271637,35.6469539
"بعبدا","زندوقه",33.865379,35.6386165
"بعبدا","سبنيه",33.8298948,35.5371359
"بعبدا","شويت",33.8286096,35.6093588
"بعبدا","صليما",33.8740255,35.6955438
"بعبدا","عاريا",33.829225,35.5924292
"بعبدا","عين الرمانة",33.8045554,35.588779
"بعبدا","عين موفق",33.8215587,35.6524698
"بعبدا","فالوغا",33.8377387,35.7413136
"بعبدا","قبيع",33.8124408,35.6965729
"بعبدا","قتاله",33.8223957,35.6734816
"بعبدا","قرطاضة",33.8602058,35.6235854
"بعبدا","قرنايل",33.8570828,35.7241895
"بعبدا","كفرسلوان",33.8569746,35.7827258
"بعبدا","كفرشيما",33.8168657,35.5360583
"بعبدا","وادي شحرور السفلى",33.8204321,35.5552365
"بعبدا","وادي شحرور العليا",33.8178703,35.5650162
"جبيل","ادونيس",34.0794742,35.7361593
"جبيل","افقا",34.0699048,35.8860993
"جبيل","البرباره",34.1943223,35.6391393
"جبيل","الجليسه",NA,NA
"جبيل","الحصون",34.0927702,35.7365545
"جبيل","الخاربه",NA,NA
"جبيل","الراموط",NA,NA
"جبيل","الريحانة",NA,NA
"جبيل","الصوانه",NA,NA
"جبيل","العاقورة - أ",NA,NA
"جبيل","العاقورة - م",NA,NA
"جبيل","الغابات",34.0818032,35.873415
"جبيل","الفيدار",NA,NA
"جبيل","الكفر",34.152666,35.698782
"جبيل","اللقلوق",34.1339253,35.8612812
"جبيل","المزاريب",34.1230021,35.6519282
"جبيل","المغيره",33.6031567,35.4576269
"جبيل","المنصف",34.1808839,35.6445588
"جبيل","اهمج",34.121721,35.7850305
"جبيل","بجه",34.1801202,35.714603
"جبيل","بحديدات",34.148764,35.7069818
"جبيل","بخعاز",34.1888525,35.6694241
"جبيل","بزيون",34.0985133,35.7547793
"جبيل","بشتليدا",34.1324123,35.723706
"جبيل","بشللي",34.1022016,35.7194215
"جبيل","بنتاعل",34.146023,35.693159
"جبيل","بيت حباق",34.1641872,35.7085794
"جبيل","ترتج",34.1829871,35.8244227
"جبيل","جاج",34.163141,35.8070887
"جبيل","جبيل",34.1230021,35.6519282
"جبيل","جدايل",34.1645456,35.6515267
"جبيل","جنه ومار سركيس",NA,NA
"جبيل","حاقل",34.170961,35.7491556
"جبيل","حالات",34.0843041,35.6531805
"جبيل","حبالين",34.1596251,35.6853777
"جبيل","حجولا",34.131821,35.74697159999999
"جبيل","حصارات",34.1687761,35.6846416
"جبيل","حصرايل",34.1585443,35.6564282
"جبيل","دملصا",NA,NA
"جبيل","دير القطاره",34.1793705,35.7986778
"جبيل","راس اسطا",34.1148719,35.7233892
"جبيل","ساقية الخيط",34.1611673,35.714799
"جبيل","سرعيتا",34.0796947,35.86477199999999
"جبيل","سقي رشميا",34.1603409,35.7893504
"جبيل","شامات",34.165277,35.6999787
"جبيل","شموت",34.1980889,35.6715929
"جبيل","شيخان",34.17459360000001,35.6590011
"جبيل","طورزيا",34.1080491,35.7596255
"جبيل","عبيدات",34.1650005,35.7292418
"جبيل","علمات الجنوبية",34.1012341,35.7850168
"جبيل","علمات الشمالية",34.1096568,35.7795333
"جبيل","عمشيت",34.14890440000001,35.6379896
"جبيل","عنايا وكفربعال",NA,NA
"جبيل","عين الدلبة",34.0914022,35.7619214
"جبيل","عين الشلال",34.1198415,35.6464656
"جبيل","عين الغويبة",34.0813576,35.8594271
"جبيل","عين جرين",34.086714,35.7638067
"جبيل","عين كفاع",34.1905805,35.6943904
"جبيل","غرزوز",34.1838105,35.6688964
"جبيل","غرفين",34.1524562,35.6654742
"جبيل","غلبون",34.1744996,35.7030374
"جبيل","فتري",34.0868348,35.7096929
"جبيل","فدار",34.136744,35.6967109
"جبيل","فرات",34.0871576,35.7894931
"جبيل","فرحت",34.1007655,35.7624193
"جبيل","فغال",34.2078799,35.6771131
"جبيل","قرطبا الجنوبية",NA,NA
"جبيل","قرطبا الشمالية",34.0933798,35.8508441
"جبيل","قرقريا",34.074569,35.8175433
"جبيل","قهمز",34.0658259,35.8032384
"جبيل","كفر كده",34.2012526,35.65421389999999
"جبيل","كفر مسحون",34.1457218,35.6714769
"جبيل","كفون",34.1552192,35.7053881
"جبيل","لاسا",34.0755094,35.8610075
"جبيل","لحفد",34.167526,35.7790493
"جبيل","مزرعة السياد",34.1055514,35.8621218
"جبيل","مشان",34.0846613,35.75676869999999
"جبيل","مشمش",34.1456641,35.7814317
"جبيل","معاد",34.1956282,35.6834134
"جبيل","ميفوق",34.1827615,35.7783385
"جبيل","نهر ابراهيم",34.0662744,35.6455482
"جبيل","هابيل",34.1494338,35.7396945
"عاليه","اغميد",NA,NA
"عاليه","البنيه",33.735548,35.5483983
"عاليه","التعزانية",33.7816985,35.6208651
"عاليه","الرجمة",33.7888041,35.6131585
"عاليه","الرمليه",33.7480558,35.6503765
"عاليه","الشويفات حي الامراء",NA,NA
"عاليه","الشويفات حي العمروسية",NA,NA
"عاليه","الشويفات حي القبة",NA,NA
"عاليه","العزونية",33.7731446,35.7063598
"عاليه","الغابون",33.7813315,35.5952737
"عاليه","القماطية",33.8013676,35.5811861
"عاليه","الكحالة",NA,NA
"عاليه","المريجات",33.8069031,35.6024366
"عاليه","المشرفه",33.7587221,35.6559678
"عاليه","بتاتر",33.7674509,35.6337911
"عاليه","بحمدون",33.8088596,35.6599267
"عاليه","بحواره",33.7931599,35.601924
"عاليه","بخشتيه",NA,NA
"عاليه","بدادون",33.8114575,35.5683403
"عاليه","بدغان",33.7678879,35.6708305
"عاليه","بسرين",33.7584845,35.6375362
"عاليه","بسوس",33.8162646,35.5785571
"عاليه","بشامون",33.7821927,35.5312037
"عاليه","بطلون",33.7879679,35.6390761
"عاليه","بعورته",33.7397763,35.4997263
"عاليه","بليبل",33.8068149,35.5576616
"عاليه","بمكين",33.7971954,35.5697734
"عاليه","بمهريه",33.7566733,35.7172619
"عاليه","بوزريده",NA,NA
"عاليه","جسر القاضي",33.7258689,35.5647954
"عاليه","حبرامون",NA,NA
"عاليه","حومال",33.8110443,35.5608381
"عاليه","دفون",33.7474451,35.557903
"عاليه","دقون",33.7318138,35.5143142
"عاليه","دوير الرمان",NA,NA
"عاليه","دير قوبل",33.7927835,35.5148397
"عاليه","رشميا",33.73674099999999,35.599112
"عاليه","رمحالا",33.7411654,35.56231380000001
"عاليه","رويسة النعمان",33.7544653,35.6025072
"عاليه","سرحمول",33.7713405,35.5292768
"عاليه","سلفايا",33.7334896,35.5689384
"عاليه","سوق الغرب",33.7880582,35.5617559
"عاليه","شارون",33.7717906,35.6864066
"عاليه","شانيه",33.7871252,35.6603971
"عاليه","شرتون",33.7486946,35.5837491
"عاليه","شملان",33.7803845,35.5490645
"عاليه","صوفر",33.8030916,35.701979
"عاليه","عاليه شمالي",33.8069031,35.6024366
"عاليه","عاليه غربي",33.8069031,35.6024366
"عاليه","عاليه قبلي",33.8069031,35.6024366
"عاليه","عاليه وسطاني",33.2569444,35.2469444
"عاليه","عبيه",33.7369225,35.52569829999999
"عاليه","عرمون",33.7594826,35.5204609
"عاليه","عيتات",33.7915996,35.557252
"عاليه","عين الجديدة",33.8081374,35.6308488
"عاليه","عين الحلزون",33.7709278,35.6470058
"عاليه","عين السيدة",33.8012311,35.5874373
"عاليه","عين الفريديس",33.7808267,35.609949
"عاليه","عين المرج",33.7794444,35.7736111
"عاليه","عين تراز",NA,NA
"عاليه","عين داره",33.78140670000001,35.7252363
"عاليه","عين درافيل",33.748223,35.5075748
"عاليه","عين عنوب",33.7859655,35.5422486
"عاليه","عين كسور",33.7470523,35.5335778
"عاليه","عيناب",33.7663687,35.5466627
"عاليه","كفر عميه",NA,NA
"عاليه","كفرمتى",33.72709940000001,35.5262336
"عاليه","كيفون",33.7814378,35.5593033
"عاليه","مجدل بعنا",33.7799956,35.6685126
"عاليه","مجدلايا",33.7570364,35.575480399999996
"عاليه","محطة بحمدون",33.8088596,35.6599267
"عاليه","معصريتي",33.7480695,35.6345076
"كسروان","ادما والدفنه",34.0221188,35.6458772
"كسروان","اغبه",34.0090756,35.7061467
"كسروان","البوار",34.045783900000004,35.6318935
"كسروان","الحصين",NA,NA
"كسروان","السهيله",NA,NA
"كسروان","الصفرا",34.0417657,35.6296421
"كسروان","العذرا",NA,NA
"كسروان","العقيبه",34.0566959,35.6440051
"كسروان","الغينه",34.03848079999999,35.7095134
"كسروان","القليعات",NA,NA
"كسروان","المراديه",34.070972,35.7114538
"كسروان","النموره وكفر جريف",NA,NA
"كسروان","بزحل",34.0799668,35.6979292
"كسروان","بزمار",33.9872473,35.6828158
"كسروان","بطحا",33.9862799,35.66011659999999
"كسروان","بقعاتة عشقوت",34.0030873,35.7284697
"كسروان","بقعاتة كنعان",33.965885,35.7647562
"كسروان","بقعتوته",33.9702088,35.7724985
"كسروان","بلونه",33.9490849,35.6743217
"كسروان","جديدة غزير",34.0219078,35.6934681
"كسروان","جعيتا",33.9536454,35.6437127
"كسروان","جورة الترمس",34.0445689,35.7200676
"كسروان","جورة بدران",34.0621974,35.7129057
"كسروان","حارة صخر",33.98799760000001,35.6437832
"كسروان","حراجل",34.0140693,35.79493739999999
"كسروان","حريصا",33.9802699,35.6529129
"كسروان","حياطه",34.0245125,35.7187027
"كسروان","درعون",33.984198,35.662867
"كسروان","دلبتا",34.0079372,35.6890784
"كسروان","رعشين",34.0120714,35.7213609
"كسروان","ريفون",33.9775069,35.7010954
"كسروان","زعيتره",34.0691295,35.6957412
"كسروان","زوق مصبح",33.955113,35.61468
"كسروان","زوق مكايل",33.9703275,35.6206146
"كسروان","زيتون",34.0617436,35.6841975
"كسروان","ساحل علما",33.9916673,35.6514779
"كسروان","شحتول",34.0324705,35.7206195
"كسروان","شننعير",34.006564,35.6681498
"كسروان","شوان والعبره",NA,NA
"كسروان","طبرجا",34.0302688,35.6289605
"كسروان","عجلتون",33.9678362,35.6850701
"كسروان","عشقوت",33.9851101,35.7108242
"كسروان","عين الدلبه",34.0285336,35.7670517
"كسروان","عين الريحانه",33.9598117,35.6445048
"كسروان","غادير",NA,NA
"كسروان","غباله",34.0534017,35.7235765
"كسروان","غدراس",34.0442744,35.6791912
"كسروان","غزير الجامع",NA,NA
"كسروان","غزير القناة",NA,NA
"كسروان","غزير المعاملتين",NA,NA
"كسروان","غوسطا",33.9918186,35.6727541
"كسروان","فاريا",34.0122649,35.8236693
"كسروان","فتقا",34.0332598,35.6654764
"كسروان","فيطرون",33.9921947,35.7374072
"كسروان","كفردبيان",NA,NA
"كسروان","كفرياسين",34.025547,35.6335613
"كسروان","معراب",33.9999234,35.6805576
"كسروان","ميروبا",34.01101999999999,35.7692977
"كسروان","نهر الذهب",34.0474059,35.7426652
"كسروان","هرهريا والقطين",NA,NA
"كسروان","وطى الجوز",34.0267752,35.7595261
"كسروان","يحشوش",34.0666276,35.7363461
"عكار","اكروم",34.5431579,36.3629783
"عكار","البرج",34.5311335,36.1886118
"عكار","البقيعة",34.6617578,36.3460156
"عكار","التليل",NA,NA
"عكار","الحميره",34.5252157,36.0526417
"عكار","الحويش",34.4992312,36.1181543
"عكار","الحيصه",34.5874359,36.0577572
"عكار","الدبابيه",34.6224992,36.2162279
"عكار","الدغلي",34.5811001,36.210214
"عكار","الدوره",34.5448017,36.2142775
"عكار","الدوسه",NA,NA
"عكار","الرامة",NA,NA
"عكار","الريحانيه",34.4898393,35.9845973
"عكار","الزواريب",34.5308003,36.0716729
"عكار","السماقية",34.6394111,36.0034887
"عكار","السنديانة",34.5763869,36.2454971
"عكار","السهلة",34.6039657,36.3412444
"عكار","السويسه",NA,NA
"عكار","الشقدوف",34.5282085,36.189632
"عكار","الشيخ زناد",34.607356,35.9900114
"عكار","الشيخ طابا",34.533056,36.0776095
"عكار","الشيخ عياش",34.6263399,36.0958755
"عكار","الشيخ محمد",34.5494865,36.0835684
"عكار","العبده",34.5106038,35.9695183
"عكار","العريضه",34.632774,35.9765117
"عكار","العماير",NA,NA
"عكار","العوادة",NA,NA
"عكار","العوينات",34.0857228,35.7200182
"عكار","الفرض",NA,NA
"عكار","القبيات الذوق",NA,NA
"عكار","القبيات الضهر",NA,NA
"عكار","القبيات الغربية",34.5804943,36.2621362
"عكار","القبيات القطلبه",NA,NA
"عكار","القبيات غوايا",NA,NA
"عكار","القبيات مرتموره",NA,NA
"عكار","القبيات",34.571583,36.2815234
"عكار","القرقف",34.4844446,36.0208222
"عكار","القرنة",34.4777285,36.1697921
"عكار","القريات",NA,NA
"عكار","القنطره",34.5188665,36.0720044
"عكار","الكواشره",34.6120634,36.2082635
"عكار","المحمرة",34.5055845,35.9650677
"عكار","المسعوديه",34.6055453,36.0490354
"عكار","المقيبله",NA,NA
"عكار","المقيطع",34.5584837,35.9990908
"عكار","المونسة",NA,NA
"عكار","النفيسه",34.5477167,36.0868649
"عكار","النهرية وبستان الحرش",33.8699269,35.5071087
"عكار","النورة",34.6254758,36.1857934
"عكار","الهد",34.5585203,36.158681
"عكار","الهيشة",34.63697090000001,36.3721906
"عكار","ايلات",34.5192738,36.1098004
"عكار","ببنين",34.4989544,35.9939931
"عكار","برباره",34.5731555,36.1880241
"عكار","برج العرب",34.521182,36.0093215
"عكار","برقايل",34.4773188,36.0337623
"عكار","بزال",34.4687988,36.0418343
"عكار","بزبينا",34.5147691,36.1971696
"عكار","بقرزلا",34.4509923,36.1193787
"عكار","بني صخر",NA,NA
"عكار","بيت الحاج",34.5617451,36.1031171
"عكار","بيت الحوش",34.4799789,36.0052834
"عكار","بيت ايوب",34.4734832,36.1604677
"عكار","بيت غطاس",NA,NA
"عكار","بيت ملات",34.529445,36.1628927
"عكار","بيت يونس",34.4754566,36.1493288
"عكار","بينو",34.5370788,36.1790095
"عكار","تاشع",34.4979588,36.1880675
"عكار","تكريت",34.5188023,36.158254
"عكار","تل عباس شرقي",34.5881699,36.0789191
"عكار","تل عباس غربي",34.5835639,36.07711150000001
"عكار","تل معيان",NA,NA
"عكار","تلبيبة",34.4708567,36.16879309999999
"عكار","تلبيره",34.6228788,36.0580587
"عكار","تلحميره",34.6210644,36.0809788
"عكار","تله وشطاحه",34.5330125,36.1716452
"عكار","جبرائيل",34.5220124,36.1313806
"عكار","جبل المنصورة",NA,NA
"عكار","جديدة القيطع",34.4656865,36.0118377
"عكار","جرمنايا",34.4708567,36.16879309999999
"عكار","حبشيت",34.4675926,36.0899843
"عكار","حرار",34.4573429,36.1226825
"عكار","حكر الشيخ طابا",NA,NA
"عكار","حكر الضاهري",34.6306347,36.0236761
"عكار","حلبا",34.5440368,36.0798357
"عكار","حنيدر",34.615247599999996,36.4284946
"عكار","حوشب",34.595325,36.10156980000001
"عكار","حيزوق",34.5482896,36.1277647
"عكار","خربة الجرد",34.4652644,36.1244989
"عكار","خربة داوود",34.5870132,36.2216838
"عكار","خربة شار",34.5794589,36.1902137
"عكار","خريبة الجندي",34.5585151,36.0967511
"عكار","خط البترول",34.6846212,36.3398238
"عكار","دارين",34.6040733,36.10705129999999
"عكار","دوير عدويه",34.581357,36.1785502
"عكار","دير جنين",34.5647045,36.1769078
"عكار","دير دلوم",34.5298117,36.021366
"عكار","رجم عيسى",NA,NA
"عكار","رحبه",34.5055326,36.1456907
"عكار","رماح",34.6225332,36.265334
"عكار","زوق الحبالصه",NA,NA
"عكار","زوق الحصينه",34.5211741,36.0357772
"عكار","زوق المقشرين",NA,NA
"عكار","زوق حداره",34.5123889,36.0336058
"عكار","سرار",34.616611,36.1332078
"عكار","سعدين",34.5962861,36.0916091
"عكار","سفينة الدريب",34.5773451,36.1613289
"عكار","سفينة القيطع",34.4608885,36.0291246
"عكار","سيسوق",34.4890191,36.0526067
"عكار","شان",34.4819709,36.1147925
"عكار","شدره",34.6198914,36.3234783
"عكار","شربيلا",34.5834613,36.146088
"عكار","شيخلار",34.6199034,36.2726446
"عكار","ضهر القنبر",NA,NA
"عكار","ضهر ليسينه",34.5391789,36.1355295
"عكار","عبودية",34.6337723,36.1168919
"عكار","عدبل",34.5351819,36.0957715
"عكار","عرقا",34.5304672,36.0381967
"عكار","عكار العتيقه",34.5248345,36.2418273
"عكار","عمار البيكات",34.6083643,36.1637949
"عكار","عماره",34.5321463,36.0102866
"عكار","عندقت",34.5869017,36.3054867
"عكار","عيات",34.5352137,36.1979321
"عكار","عيدمون",34.5970643,36.2875491
"عكار","عين الذهب",34.4756716,36.0859061
"عكار","عين الزيت",34.5905272,36.2001725
"عكار","عين تنتا",34.584201,36.184046
"عكار","عين يعقوب",34.5192887,36.1988309
"عكار","عيون الغزلان",34.4728902,36.0213041
"عكار","غزيله",34.5954785,36.113068
"عكار","فريديس",34.6147322,36.2292852
"عكار","فنيدق",34.4766476,36.1827133
"عكار","قبة بشمرا",34.54269,36.0075031
"عكار","قبعيت",34.448901,36.097142
"عكار","قبولا",NA,NA
"عكار","قشلق",34.6142162,36.15693600000001
"عكار","قلود الباقية",34.4966233,36.0595051
"عكار","قليعات",NA,NA
"عكار","قنية",NA,NA
"عكار","كرم زبدين",34.6186193,36.35780889999999
"عكار","كرم عصفور",34.5239296,36.0635173
"عكار","كروم عرب",34.5549061,36.093277
"عكار","كفر الفتوح",NA,NA
"عكار","كفر حره",34.5587987,36.1386825
"عكار","كفرتون",34.5431579,36.3629783
"عكار","كفرنون",NA,NA
"عكار","كوشا",NA,NA
"عكار","كويخات",34.5753978,36.0897763
"عكار","مار توما",34.5115989,36.0281571
"عكار","مجدلا",34.4976743,36.036974
"عكار","مراح الخوخ",34.587499,36.354561
"عكار","مزرعة بلده",34.562096,36.1437627
"عكار","مشتى حسن",34.6232969,36.3236532
"عكار","مشتى حمود",34.6314948,36.3269284
"عكار","مشحا",34.5408545,36.1158919
"عكار","مشيلحة حاكوره",NA,NA
"عكار","ممنع",34.5002744,36.1792969
"عكار","منجز",34.6153311,36.2454794
"عكار","منياره",34.53210440000001,36.0598553
"عكار","هيتلا",34.6023238,36.1337985
"عكار","وادي الجاموس",34.4984776,36.0152463
"عكار","وادي الحور",34.6091121,36.1548544
"عكار","وادي خالد",34.6176169,36.379498
